
CREATE TABLE Person (
    ID NUMBER PRIMARY KEY,
    name VARCHAR2(50),
    surname VARCHAR2(50),
    phone_number VARCHAR2(50)
);

CREATE TABLE Chef (
    ID NUMBER PRIMARY KEY,
    mail_address VARCHAR2(50),
    address VARCHAR2(50),
    hiredate DATE,
    MASTER_CHEF NUMBER DEFAULT NULL,
    FOREIGN KEY (ID) REFERENCES Person(ID),
    FOREIGN KEY (MASTER_CHEF) REFERENCES Chef(ID) ON DELETE SET NULL
);

CREATE TABLE Customer (
    ID NUMBER PRIMARY KEY,
    address VARCHAR2(50),
    FOREIGN KEY (ID) REFERENCES Person(ID)
);

CREATE TABLE Food (
    ID NUMBER PRIMARY KEY,
    name VARCHAR2(50),
    price FLOAT(15)
);

CREATE TABLE Cooking (
    ID NUMBER PRIMARY KEY,
    Food_ID NUMBER,
    Chef_ID NUMBER,
    FOREIGN KEY (Food_ID) REFERENCES Food(ID),
    FOREIGN KEY (Chef_ID) REFERENCES Chef(ID)
);

CREATE TABLE Ingredients (
    ID NUMBER PRIMARY KEY,
    name VARCHAR2(50),
    type VARCHAR2(50)
);

CREATE TABLE Recipe (
    ID NUMBER PRIMARY KEY,
    Ingredient_ID NUMBER,
    Food_ID NUMBER,
    Amount_ingredient NUMBER,
    FOREIGN KEY (Ingredient_ID) REFERENCES Ingredients(ID),
    FOREIGN KEY (Food_ID) REFERENCES Food(ID)
);

CREATE TABLE VISIT (
    ID NUMBER PRIMARY KEY,
    visit_date DATE,
    Customer_ID NUMBER,
    FOREIGN KEY (Customer_ID) REFERENCES Customer(ID)
);

CREATE TABLE Payment (
    ID NUMBER PRIMARY KEY,
    payment_date DATE,
    amount FLOAT(50),
    VISIT_ID NUMBER,
    FOREIGN KEY (VISIT_ID) REFERENCES VISIT(ID)
);

CREATE TABLE "Order" (
    ID NUMBER PRIMARY KEY,
    Food_ID NUMBER,
    Amount NUMBER,
    VISIT_ID NUMBER,
    FOREIGN KEY (Food_ID) REFERENCES Food(ID),
    FOREIGN KEY (VISIT_ID) REFERENCES VISIT(ID)
);

CREATE TABLE PAYMENT_TYPE (
    NAME VARCHAR2(50) PRIMARY KEY,
    LOW NUMBER,
    HIGH NUMBER
);



INSERT INTO PERSON (ID, NAME, SURNAME, PHONE_NUMBER)
VALUES (1, 'John', 'Doe', '123-456-7890');

INSERT INTO PERSON (ID, NAME, SURNAME, PHONE_NUMBER)
VALUES (2, 'Jane', 'Smith', '456-789-0123');

INSERT INTO PERSON (ID, NAME, SURNAME, PHONE_NUMBER)
VALUES (3, 'Michael', 'Johnson', '789-012-3456');

INSERT INTO PERSON (ID, NAME, SURNAME, PHONE_NUMBER)
VALUES (4, 'Emily', 'Williams', '012-345-6789');

INSERT INTO PERSON (ID, NAME, SURNAME, PHONE_NUMBER)
VALUES (5, 'Daniel', 'Brown', '345-678-9012');

INSERT INTO PERSON (ID, NAME, SURNAME, PHONE_NUMBER)
VALUES (6, 'Sarah', 'Jones', '678-901-2345');

INSERT INTO PERSON (ID, NAME, SURNAME, PHONE_NUMBER)
VALUES (7, 'Matthew', 'Davis', '901-234-5678');

INSERT INTO PERSON (ID, NAME, SURNAME, PHONE_NUMBER)
VALUES (8, 'Jessica', 'Miller', '234-567-8901');

INSERT INTO PERSON (ID, NAME, SURNAME, PHONE_NUMBER)
VALUES (9, 'David', 'Wilson', '567-890-1234');

INSERT INTO PERSON (ID, NAME, SURNAME, PHONE_NUMBER)
VALUES (10, 'Lauren', 'Taylor', '890-123-4567');

INSERT INTO PERSON (ID, NAME, SURNAME, PHONE_NUMBER)
VALUES (11, 'James', 'Martinez', '098-765-4321');

INSERT INTO PERSON (ID, NAME, SURNAME, PHONE_NUMBER)
VALUES (12, 'Olivia', 'Lopez', '765-432-1098');

INSERT INTO PERSON (ID, NAME, SURNAME, PHONE_NUMBER)
VALUES (13, 'William', 'Hernandez', '432-109-8765');

INSERT INTO PERSON (ID, NAME, SURNAME, PHONE_NUMBER)
VALUES (14, 'Ava', 'Garcia', '109-876-5432');

INSERT INTO PERSON (ID, NAME, SURNAME, PHONE_NUMBER)
VALUES (15, 'Benjamin', 'Perez', '876-543-2109');


INSERT INTO CUSTOMER (ID, ADDRESS) VALUES (9, '123 Main St, Springfield, IL 62701');
INSERT INTO CUSTOMER (ID, ADDRESS) VALUES (10, '456 Elm St, Anytown, TX 75001');
INSERT INTO CUSTOMER (ID, ADDRESS) VALUES (11, '789 Oak Ave, Smalltown, CA 90001');
INSERT INTO CUSTOMER (ID, ADDRESS) VALUES (12, '101 Pine Ln, Cityville, NY 10001');
INSERT INTO CUSTOMER (ID, ADDRESS) VALUES (13, '202 Maple St, Villageburg, FL 33101');
INSERT INTO CUSTOMER (ID, ADDRESS) VALUES (14, '303 Cedar Rd, Hamletville, WA 98101');
INSERT INTO CUSTOMER (ID, ADDRESS) VALUES (15, '404 Birch Ave, Countryside, MA 02201');



INSERT INTO chef (ID, MAIL_ADDRESS, ADDRESS, HIREDATE, MASTER_CHEF)
VALUES (1, 'chef1@restaurant.com', '123 Oak Street, New York, NY 10001, USA', TO_DATE('2020-03-15', 'YYYY-MM-DD'), 4);

INSERT INTO chef (ID, MAIL_ADDRESS, ADDRESS, HIREDATE, MASTER_CHEF)
VALUES (2, 'chef2@restaurant.com', '456 Elm Avenue, Los Angeles, CA 90001, USA', TO_DATE('2019-07-20', 'YYYY-MM-DD'), 4);

INSERT INTO chef (ID, MAIL_ADDRESS, ADDRESS, HIREDATE, MASTER_CHEF)
VALUES (3, 'chef3@restaurant.com', '789 Maple Drive, Chicago, IL 60007, USA', TO_DATE('2021-01-10', 'YYYY-MM-DD'), 4);

INSERT INTO CHEF (ID, MAIL_ADDRESS, ADDRESS, HIREDATE, MASTER_CHEF)
VALUES (4, 'chef4@restaurant.com', '101 Pine Lane, Houston, TX 77002, USA', TO_DATE('2018-11-25', 'YYYY-MM-DD'), NULL);

INSERT INTO chef (ID, MAIL_ADDRESS, ADDRESS, HIREDATE, MASTER_CHEF)
VALUES (5, 'chef5@restaurant.com', '202 Walnut Street, Miami, FL 33101, USA', TO_DATE('2022-05-05', 'YYYY-MM-DD'), 1);

INSERT INTO chef (ID, MAIL_ADDRESS, ADDRESS, HIREDATE, MASTER_CHEF)
VALUES (6, 'chef6@restaurant.com', '303 Cedar Road, San Francisco, CA 94101, USA', TO_DATE('2017-09-12', 'YYYY-MM-DD'), 1);

INSERT INTO chef (ID, MAIL_ADDRESS, ADDRESS, HIREDATE, MASTER_CHEF)
VALUES (7, 'chef7@restaurant.com', '404 Birch Avenue, Boston, MA 02201, USA', TO_DATE('2023-02-28', 'YYYY-MM-DD'), 1);

INSERT INTO chef (ID, MAIL_ADDRESS, ADDRESS, HIREDATE, MASTER_CHEF)
VALUES (8, 'chef8@restaurant.com', '505 Maple Street, Seattle, WA 98101, USA', TO_DATE('2020-10-15', 'YYYY-MM-DD'), 2);



INSERT INTO FOOD (ID, NAME, PRICE)
VALUES (1, 'Chocolate Cake', 12.99);

INSERT INTO FOOD (ID, NAME, PRICE)
VALUES (2, 'Chicken Alfredo', 15.49);

INSERT INTO FOOD (ID, NAME, PRICE)
VALUES (3, 'Vegetable Stir-fry', 10.99);

INSERT INTO FOOD (ID, NAME, PRICE)
VALUES (4, 'Salmon with Asparagus', 18.99);

INSERT INTO FOOD (ID, NAME, PRICE)
VALUES (5, 'Fruit Salad', 8.99);



INSERT INTO INGREDIENTS (ID, NAME, TYPE)
VALUES (1, 'Flour', 'Grain');

INSERT INTO INGREDIENTS (ID, NAME, TYPE)
VALUES (2, 'Sugar', 'Sweetener');

INSERT INTO INGREDIENTS (ID, NAME, TYPE)
VALUES (3, 'Salt', 'Seasoning');

INSERT INTO INGREDIENTS (ID, NAME, TYPE)
VALUES (4, 'Eggs', 'Protein');

INSERT INTO INGREDIENTS (ID, NAME, TYPE)
VALUES (5, 'Butter', 'Fat');




INSERT INTO RECIPE (ID, INGREDIENT_ID, FOOD_ID, AMOUNT_INGREDIENT)
VALUES (1, 1, 1, 300);

INSERT INTO RECIPE (ID, INGREDIENT_ID, FOOD_ID, AMOUNT_INGREDIENT)
VALUES (2, 2, 1, 200);

INSERT INTO RECIPE (ID, INGREDIENT_ID, FOOD_ID, AMOUNT_INGREDIENT)
VALUES (3, 3, 1, 5);

INSERT INTO RECIPE (ID, INGREDIENT_ID, FOOD_ID, AMOUNT_INGREDIENT)
VALUES (4, 4, 1, 4);

INSERT INTO RECIPE (ID, INGREDIENT_ID, FOOD_ID, AMOUNT_INGREDIENT)
VALUES (5, 5, 1, 150);

INSERT INTO RECIPE (ID, INGREDIENT_ID, FOOD_ID, AMOUNT_INGREDIENT)
VALUES (6, 2, 2, 150);

INSERT INTO RECIPE (ID, INGREDIENT_ID, FOOD_ID, AMOUNT_INGREDIENT)
VALUES (7, 4, 2, 3);

INSERT INTO RECIPE (ID, INGREDIENT_ID, FOOD_ID, AMOUNT_INGREDIENT)
VALUES (8, 5, 2, 100);

INSERT INTO RECIPE (ID, INGREDIENT_ID, FOOD_ID, AMOUNT_INGREDIENT)
VALUES (9, 1, 3, 200);

INSERT INTO RECIPE (ID, INGREDIENT_ID, FOOD_ID, AMOUNT_INGREDIENT)
VALUES (10, 3, 3, 8);

INSERT INTO RECIPE (ID, INGREDIENT_ID, FOOD_ID, AMOUNT_INGREDIENT)
VALUES (11, 4, 3, 2);

INSERT INTO RECIPE (ID, INGREDIENT_ID, FOOD_ID, AMOUNT_INGREDIENT)
VALUES (12, 5, 3, 80);

INSERT INTO RECIPE (ID, INGREDIENT_ID, FOOD_ID, AMOUNT_INGREDIENT)
VALUES (13, 4, 4, 2);

INSERT INTO RECIPE (ID, INGREDIENT_ID, FOOD_ID, AMOUNT_INGREDIENT)
VALUES (14, 5, 4, 100);

INSERT INTO RECIPE (ID, INGREDIENT_ID, FOOD_ID, AMOUNT_INGREDIENT)
VALUES (15, 1, 5, 100);

INSERT INTO RECIPE (ID, INGREDIENT_ID, FOOD_ID, AMOUNT_INGREDIENT)
VALUES (16, 2, 5, 100);

INSERT INTO RECIPE (ID, INGREDIENT_ID, FOOD_ID, AMOUNT_INGREDIENT)
VALUES (17, 3, 5, 2);

INSERT INTO RECIPE (ID, INGREDIENT_ID, FOOD_ID, AMOUNT_INGREDIENT)
VALUES (18, 5, 5, 50);


INSERT INTO COOKING (ID, FOOD_ID, CHEF_ID) VALUES (1, 1, 4);
INSERT INTO COOKING (ID, FOOD_ID, CHEF_ID) VALUES (2, 2, 1);
INSERT INTO COOKING (ID, FOOD_ID, CHEF_ID) VALUES (3, 3, 2);
INSERT INTO COOKING (ID, FOOD_ID, CHEF_ID) VALUES (4, 4, 3);
INSERT INTO COOKING (ID, FOOD_ID, CHEF_ID) VALUES (5, 5, 1);
INSERT INTO COOKING (ID, FOOD_ID, CHEF_ID) VALUES (6, 2, 3);
INSERT INTO COOKING (ID, FOOD_ID, CHEF_ID) VALUES (7, 3, 4);
INSERT INTO COOKING (ID, FOOD_ID, CHEF_ID) VALUES (8, 4, 1);
INSERT INTO COOKING (ID, FOOD_ID, CHEF_ID) VALUES (9, 1, 5);
INSERT INTO COOKING (ID, FOOD_ID, CHEF_ID) VALUES (10, 2, 6);
INSERT INTO COOKING (ID, FOOD_ID, CHEF_ID) VALUES (11, 3, 7);
INSERT INTO COOKING (ID, FOOD_ID, CHEF_ID) VALUES (12, 4, 8);


INSERT INTO "Order" (ID, FOOD_ID, AMOUNT, VISIT_ID) VALUES (1, 1, 1, 1);
INSERT INTO "Order" (ID, FOOD_ID, AMOUNT, VISIT_ID) VALUES (2, 2, 1, 2);
INSERT INTO "Order" (ID, FOOD_ID, AMOUNT, VISIT_ID) VALUES (3, 1, 1, 3);
INSERT INTO "Order" (ID, FOOD_ID, AMOUNT, VISIT_ID) VALUES (4, 1, 1, 4);
INSERT INTO "Order" (ID, FOOD_ID, AMOUNT, VISIT_ID) VALUES (5, 4, 1, 5);
INSERT INTO "Order" (ID, FOOD_ID, AMOUNT, VISIT_ID) VALUES (6, 4, 1, 6);
INSERT INTO "Order" (ID, FOOD_ID, AMOUNT, VISIT_ID) VALUES (7, 5, 1, 7);
INSERT INTO "Order" (ID, FOOD_ID, AMOUNT, VISIT_ID) VALUES (8, 5, 1, 8);
INSERT INTO "Order" (ID, FOOD_ID, AMOUNT, VISIT_ID) VALUES (9, 2, 1, 9);
INSERT INTO "Order" (ID, FOOD_ID, AMOUNT, VISIT_ID) VALUES (10, 3, 1, 10);
INSERT INTO "Order" (ID, FOOD_ID, AMOUNT, VISIT_ID) VALUES (11, 4, 1, 11);
INSERT INTO "Order" (ID, FOOD_ID, AMOUNT, VISIT_ID) VALUES (12, 4, 1, 12);
INSERT INTO "Order" (ID, FOOD_ID, AMOUNT, VISIT_ID) VALUES (13, 1, 1, 13);
INSERT INTO "Order" (ID, FOOD_ID, AMOUNT, VISIT_ID) VALUES (14, 1, 4, 14);
INSERT INTO "Order" (ID, FOOD_ID, AMOUNT, VISIT_ID) VALUES (15, 1, 1, 15);
INSERT INTO "Order" (ID, FOOD_ID, AMOUNT, VISIT_ID) VALUES (16, 2, 1, 16);
INSERT INTO "Order" (ID, FOOD_ID, AMOUNT, VISIT_ID) VALUES (17, 3, 3, 17);
INSERT INTO "Order" (ID, FOOD_ID, AMOUNT, VISIT_ID) VALUES (18, 3, 1, 18);
INSERT INTO "Order" (ID, FOOD_ID, AMOUNT, VISIT_ID) VALUES (19, 4, 1, 19);
INSERT INTO "Order" (ID, FOOD_ID, AMOUNT, VISIT_ID) VALUES (20, 5, 2, 20);
INSERT INTO "Order" (ID, FOOD_ID, AMOUNT, VISIT_ID) VALUES (21, 5, 1, 21);
INSERT INTO "Order" (ID, FOOD_ID, AMOUNT, VISIT_ID) VALUES (22, 5, 1, 22);
INSERT INTO "Order" (ID, FOOD_ID, AMOUNT, VISIT_ID) VALUES (23, 4, 1, 23);
INSERT INTO "Order" (ID, FOOD_ID, AMOUNT, VISIT_ID) VALUES (24, 3, 1, 24);
INSERT INTO "Order" (ID, FOOD_ID, AMOUNT, VISIT_ID) VALUES (25, 4, 1, 25);


INSERT INTO VISIT (ID, VISIT_DATE, CUSTOMER_ID) VALUES (1, TO_DATE('2023-12-15', 'YYYY-MM-DD'), 9);
INSERT INTO VISIT (ID, VISIT_DATE, CUSTOMER_ID) VALUES (2, TO_DATE('2023-11-20', 'YYYY-MM-DD'), 10);
INSERT INTO VISIT (ID, VISIT_DATE, CUSTOMER_ID) VALUES (3, TO_DATE('2023-10-25', 'YYYY-MM-DD'), 9);
INSERT INTO VISIT (ID, VISIT_DATE, CUSTOMER_ID) VALUES (4, TO_DATE('2023-09-30', 'YYYY-MM-DD'), 9);
INSERT INTO VISIT (ID, VISIT_DATE, CUSTOMER_ID) VALUES (5, TO_DATE('2023-08-05', 'YYYY-MM-DD'), 13);
INSERT INTO VISIT (ID, VISIT_DATE, CUSTOMER_ID) VALUES (6, TO_DATE('2023-07-10', 'YYYY-MM-DD'), 13);
INSERT INTO VISIT (ID, VISIT_DATE, CUSTOMER_ID) VALUES (7, TO_DATE('2023-06-15', 'YYYY-MM-DD'), 15);
INSERT INTO VISIT (ID, VISIT_DATE, CUSTOMER_ID) VALUES (8, TO_DATE('2023-05-20', 'YYYY-MM-DD'), 14);
INSERT INTO VISIT (ID, VISIT_DATE, CUSTOMER_ID) VALUES (9, TO_DATE('2023-04-25', 'YYYY-MM-DD'), 10);
INSERT INTO VISIT (ID, VISIT_DATE, CUSTOMER_ID) VALUES (10, TO_DATE('2023-03-30', 'YYYY-MM-DD'), 11);
INSERT INTO VISIT (ID, VISIT_DATE, CUSTOMER_ID) VALUES (11, TO_DATE('2023-02-05', 'YYYY-MM-DD'), 12);
INSERT INTO VISIT (ID, VISIT_DATE, CUSTOMER_ID) VALUES (12, TO_DATE('2023-01-10', 'YYYY-MM-DD'), 12);
INSERT INTO VISIT (ID, VISIT_DATE, CUSTOMER_ID) VALUES (13, TO_DATE('2022-12-15', 'YYYY-MM-DD'), 9);
INSERT INTO VISIT (ID, VISIT_DATE, CUSTOMER_ID) VALUES (14, TO_DATE('2022-11-20', 'YYYY-MM-DD'), 9);
INSERT INTO VISIT (ID, VISIT_DATE, CUSTOMER_ID) VALUES (15, TO_DATE('2022-10-25', 'YYYY-MM-DD'), 9);
INSERT INTO VISIT (ID, VISIT_DATE, CUSTOMER_ID) VALUES (16, TO_DATE('2022-09-30', 'YYYY-MM-DD'), 10);
INSERT INTO VISIT (ID, VISIT_DATE, CUSTOMER_ID) VALUES (17, TO_DATE('2022-08-05', 'YYYY-MM-DD'), 11);
INSERT INTO VISIT (ID, VISIT_DATE, CUSTOMER_ID) VALUES (18, TO_DATE('2022-07-10', 'YYYY-MM-DD'), 11);
INSERT INTO VISIT (ID, VISIT_DATE, CUSTOMER_ID) VALUES (19, TO_DATE('2022-06-15', 'YYYY-MM-DD'), 13);
INSERT INTO VISIT (ID, VISIT_DATE, CUSTOMER_ID) VALUES (20, TO_DATE('2022-05-20', 'YYYY-MM-DD'), 14);
INSERT INTO VISIT (ID, VISIT_DATE, CUSTOMER_ID) VALUES (21, TO_DATE('2022-04-25', 'YYYY-MM-DD'), 15);
INSERT INTO VISIT (ID, VISIT_DATE, CUSTOMER_ID) VALUES (22, TO_DATE('2022-03-30', 'YYYY-MM-DD'), 14);
INSERT INTO VISIT (ID, VISIT_DATE, CUSTOMER_ID) VALUES (23, TO_DATE('2022-02-05', 'YYYY-MM-DD'), 12);
INSERT INTO VISIT (ID, VISIT_DATE, CUSTOMER_ID) VALUES (24, TO_DATE('2022-01-10', 'YYYY-MM-DD'), 11);
INSERT INTO VISIT (ID, VISIT_DATE, CUSTOMER_ID) VALUES (25, TO_DATE('2021-12-15', 'YYYY-MM-DD'), 12);


INSERT INTO PAYMENT_TYPE (NAME, LOW, HIGH) VALUES ('Normal', 8, 20);
INSERT INTO PAYMENT_TYPE (NAME, LOW, HIGH) VALUES ('High', 20, 40);
INSERT INTO PAYMENT_TYPE (NAME, LOW, HIGH) VALUES ('Expensive', 40, 150);

INSERT INTO PAYMENT (ID, PAYMENT_DATE, AMOUNT, VISIT_ID) VALUES (1, TO_DATE('2023-12-15', 'YYYY-MM-DD'), 12.99, 1);
INSERT INTO PAYMENT (ID, PAYMENT_DATE, AMOUNT, VISIT_ID) VALUES (2, TO_DATE('2023-11-20', 'YYYY-MM-DD'), 15.49, 2);
INSERT INTO PAYMENT (ID, PAYMENT_DATE, AMOUNT, VISIT_ID) VALUES (3, TO_DATE('2023-10-25', 'YYYY-MM-DD'), 12.99, 3);
INSERT INTO PAYMENT (ID, PAYMENT_DATE, AMOUNT, VISIT_ID) VALUES (4, TO_DATE('2023-09-30', 'YYYY-MM-DD'), 12.99, 4);
INSERT INTO PAYMENT (ID, PAYMENT_DATE, AMOUNT, VISIT_ID) VALUES (5, TO_DATE('2023-08-05', 'YYYY-MM-DD'), 22.99, 5);
INSERT INTO PAYMENT (ID, PAYMENT_DATE, AMOUNT, VISIT_ID) VALUES (6, TO_DATE('2023-07-10', 'YYYY-MM-DD'), 18.99, 6);
INSERT INTO PAYMENT (ID, PAYMENT_DATE, AMOUNT, VISIT_ID) VALUES (7, TO_DATE('2023-06-15', 'YYYY-MM-DD'), 8.99, 7);
INSERT INTO PAYMENT (ID, PAYMENT_DATE, AMOUNT, VISIT_ID) VALUES (8, TO_DATE('2023-05-20', 'YYYY-MM-DD'), 8.99, 8);
INSERT INTO PAYMENT (ID, PAYMENT_DATE, AMOUNT, VISIT_ID) VALUES (9, TO_DATE('2023-04-25', 'YYYY-MM-DD'), 15.49, 9);
INSERT INTO PAYMENT (ID, PAYMENT_DATE, AMOUNT, VISIT_ID) VALUES (10, TO_DATE('2023-03-30', 'YYYY-MM-DD'), 10.99, 10);
INSERT INTO PAYMENT (ID, PAYMENT_DATE, AMOUNT, VISIT_ID) VALUES (11, TO_DATE('2023-02-05', 'YYYY-MM-DD'), 25.99, 11);
INSERT INTO PAYMENT (ID, PAYMENT_DATE, AMOUNT, VISIT_ID) VALUES (12, TO_DATE('2023-01-10', 'YYYY-MM-DD'), 18.99, 12);
INSERT INTO PAYMENT (ID, PAYMENT_DATE, AMOUNT, VISIT_ID) VALUES (13, TO_DATE('2022-12-15', 'YYYY-MM-DD'), 12.99, 13);
INSERT INTO PAYMENT (ID, PAYMENT_DATE, AMOUNT, VISIT_ID) VALUES (14, TO_DATE('2022-11-20', 'YYYY-MM-DD'), 51.96, 14);
INSERT INTO PAYMENT (ID, PAYMENT_DATE, AMOUNT, VISIT_ID) VALUES (15, TO_DATE('2022-10-25', 'YYYY-MM-DD'), 14.99, 15);
INSERT INTO PAYMENT (ID, PAYMENT_DATE, AMOUNT, VISIT_ID) VALUES (16, TO_DATE('2022-09-30', 'YYYY-MM-DD'), 15.49, 16);
INSERT INTO PAYMENT (ID, PAYMENT_DATE, AMOUNT, VISIT_ID) VALUES (17, TO_DATE('2022-08-05', 'YYYY-MM-DD'), 35.97, 17);
INSERT INTO PAYMENT (ID, PAYMENT_DATE, AMOUNT, VISIT_ID) VALUES (18, TO_DATE('2022-07-10', 'YYYY-MM-DD'), 10.99, 18);
INSERT INTO PAYMENT (ID, PAYMENT_DATE, AMOUNT, VISIT_ID) VALUES (19, TO_DATE('2022-06-15', 'YYYY-MM-DD'), 18.99, 19);
INSERT INTO PAYMENT (ID, PAYMENT_DATE, AMOUNT, VISIT_ID) VALUES (20, TO_DATE('2022-05-20', 'YYYY-MM-DD'), 19.98, 20);
INSERT INTO PAYMENT (ID, PAYMENT_DATE, AMOUNT, VISIT_ID) VALUES (21, TO_DATE('2022-04-25', 'YYYY-MM-DD'), 8.99, 21);
INSERT INTO PAYMENT (ID, PAYMENT_DATE, AMOUNT, VISIT_ID) VALUES (22, TO_DATE('2022-03-30', 'YYYY-MM-DD'), 12.99, 22);
INSERT INTO PAYMENT (ID, PAYMENT_DATE, AMOUNT, VISIT_ID) VALUES (23, TO_DATE('2022-02-05', 'YYYY-MM-DD'), 18.99, 23);
INSERT INTO PAYMENT (ID, PAYMENT_DATE, AMOUNT, VISIT_ID) VALUES (24, TO_DATE('2022-01-10', 'YYYY-MM-DD'), 11.99, 24);
INSERT INTO PAYMENT (ID, PAYMENT_DATE, AMOUNT, VISIT_ID) VALUES (25, TO_DATE('2021-12-15', 'YYYY-MM-DD'), 18.99, 25);